Date,Day of Week,Student Name,Student ID,Grade Level,Teacher Name,Teacher ID,Subject,Current Lesson,Materials,Homework,Activities Finished,Activities Not Finished,Student Gender,Attention,Retention,Comprehension,Cooperation,Engagement,Conversation,Skills,Narrative,Class Type
2026-03-03,Tuesday,Kwon Na Yoon,ICN-OST-19,TBD,Rozeil,IOT-27,Reading and Vocab,Informative Article Writing Checking; Unit 5 Medicine Lesson 2 : Sleep and Dreams pp. 245 - 250A,Cause and Effect,Vocabulary; Cause and Effect Comprehensive Question Re: Sleep Apnea,"Today, Nayun and I moved on to the second lesson of Unit 5, where we explored the topic of sleep and dreams. She answered both the pre-reading questions from the book and the teacher’s questions well, demonstrating good understanding and engagement. Prior to this, we also reviewed the article she had written in the previous class, focusing on grammar corrections and the explanations behind them. Nayun was receptive to the feedback and made an effort to understand her mistakes. On the whole, she participated actively in the lesson and showed steady improvement in both comprehension and writing skills.",Unit 5: Lesson 2 Sleep and Dreams Vocabulary Exercise B,Female,5,5,5,5,5,5,"{""Comprehension  "":4,""Digital Literacy"":5,""Text Navigation"":4,""Information Processing"":4,""Study Methods"":5,""Critical Analysis"":4}","Today in class, Kwon Na Yoon showed impressive engagement as we delved into the topic of sleep and dreams during our reading and vocabulary session. She actively participated by answering pre-reading questions and responding thoughtfully to my inquiries, reflecting her understanding of the material. Nayun was also open to feedback regarding her previous writing, which indicates her willingness to learn and improve. Throughout the lesson, she maintained excellent focus and cooperation, demonstrating strong digital literacy and effective study methods. However, we did not complete the vocabulary exercise, which is essential for reinforcing today's lesson. To enhance her learning experience, I recommend that Nayun review the vocabulary from Lesson 2 at home and come prepared to discuss it in our next session. This will help solidify her understanding and ensure we can cover all planned activities moving forward. Overall, Nayun is making great strides in her skills, and I am confident she will continue to excel with a little extra preparation.",Online
2026-03-03,Tuesday,Kim Ji Woo,ICN-OST-61,7,Deena,IOT-5,Reading and Vocab,Student Book Page 277 ;Language companion Page 104,Lift 1 (Student Book & Language Companion),Circle and choose three details to complete the web for page 278,"used context to infer meaning
analyzed the text and 
used the visualizing strategy
",NA,Male,4,4,4,4,4,4,"{""Comprehension  "":4,""Digital Literacy"":""NA"",""Text Navigation"":3,""Information Processing"":3,""Study Methods"":5,""Critical Analysis"":4}","Today in our online Reading and Vocabulary class, Kim Ji Woo actively participated in activities focused on using context to infer meaning and analyzing text with visualizing strategies. Throughout the session, he demonstrated a solid level of attention and engagement, scoring 4 out of 5 in both areas, which reflects his ability to stay focused in a remote setting. His cooperation with peers was commendable, and he effectively contributed to discussions, showcasing a good understanding of the material with a comprehension rating of 4 out of 5. However, there is room for improvement in text navigation and information processing, which received a score of 3 out of 5. For tomorrow's class, it would be beneficial for Kim to practice navigating different types of texts and processing information more efficiently, possibly by engaging in brief exercises prior to our session. This will help enhance his overall performance and ensure he is fully prepared to tackle more complex reading tasks.",Online
2026-03-03,Tuesday,Moon Ji Hoo,ICN-OST-32,3,Paula,IOT-17,Book Club (Fiction),reading and discussing Chapter 2: Sick Dragon,Dragon Masters: Saving the Sun Dragon				,none,task was completed. she stayed engaged ,none,Female,4,4,4,4,4,4,"{""Connections"":4,""Predicting"":3,""Visualizing"":4,""Critical Analysis "":3,""Inferencing"":3,""Questioning"":""NA""}","Today in our Book Club session, we delved into Chapter 2: Sick Dragon, where Moon Ji Hoo displayed a commendable level of engagement throughout our discussions. She actively participated in conversations and demonstrated a solid understanding of the material, as reflected in her high ratings for attention, retention, comprehension, and cooperation. However, while her engagement and visualizing skills were strong, there is room for improvement in predicting and critical analysis, as evidenced by her slightly lower scores in those areas. In an online learning environment, maintaining focus can be challenging, but Moon did well to stay attentive during our video call. To enhance her skills further, I recommend that she practices making predictions about the text before our discussions and engages in activities that foster critical thinking, such as summarizing chapters or posing questions about the narrative. Overall, Moon's performance today was impressive, and with a little more focus on these areas, she will surely excel even further in our future sessions.",Online
2026-03-03,Tuesday,Moon Seo Hyeon,ICN-OST-30,5,Paula,IOT-17,Book Club (Fiction),"reading and discussing Chapter 2: Spain , building vocabulary through context",Short Stories in English				,none,tasks were completed but she lacks engagement and seems distracted,none,Female,3,3,3,3,3,3,"{""Connections"":3,""Predicting"":3,""Visualizing"":3,""Critical Analysis "":3,""Inferencing"":""NA"",""Questioning"":""NA""}","Today in our Book Club class, we focused on reading and discussing Chapter 2: Spain, and worked on building vocabulary through context. While Moon Seo Hyeon completed all the tasks assigned, her overall participation indicated some challenges in engagement and focus during the session. She appeared somewhat distracted, which affected her attention and retention of the material, both rated at a 3 out of 5. Her cooperation and conversation skills were also rated the same, suggesting that although she participated, she may not have fully contributed to discussions or interacted with her peers as much as expected. To enhance her learning experience and performance in future classes, it would be beneficial for Moon to implement strategies to minimize distractions during online sessions, such as creating a dedicated study space and setting specific goals for participation. Encouraging her to ask questions and share her thoughts more openly could also improve her engagement and comprehension moving forward.",Online
2026-03-03,Tuesday,Ahn Seo Yoon,ICN-OST-188,5,Christine,IOT-31,Reading and Vocab,"Lesson 1: Insects Q and A, pages 9-13",Subject Link 6,"Subject Link book, pages 12-13, Vocabulary, and Writing",We finish the lesson about Insects Q and A. I ask Alice to answer the questions about the passage.,N/A,Female,5,4,4,5,5,5,"{""Comprehension  "":3,""Digital Literacy"":3,""Text Navigation"":3,""Information Processing"":4,""Study Methods"":4,""Critical Analysis"":3}","Today, Ahn Seo Yoon actively participated in our online class focused on reading and vocabulary, specifically discussing insects through a Q and A format. She demonstrated excellent attention, cooperation, and engagement throughout the session, contributing to a lively discussion and answering questions with enthusiasm. However, while her retention and comprehension were strong, there is room for improvement in her overall subject skills, particularly in comprehension, digital literacy, and critical analysis. It is important for Ahn to work on these areas to strengthen her understanding and navigation of the text. To support her progress, I recommend that she review the homework pages carefully, perhaps focusing on summarizing the main ideas and practicing digital navigation skills. Additionally, engaging with online resources related to the lesson could help enhance her comprehension and critical thinking abilities for our next session.",Online
2026-03-03,Tuesday,Shin Ji Yu,ICN-OST-74,TBD,Deena,IOT-5,Reading and Vocab,Lesson 14 WB pg. 29-30,Subject Link 3,NA,"finished answering her workbook
had a quick review\she needs to practice more in speaking more in class
review vocabulary words",NA,Female,3,3,3,3,3,4,"{""Comprehension  "":3,""Digital Literacy"":""NA"",""Text Navigation"":2,""Information Processing"":3,""Study Methods"":2,""Critical Analysis"":2}","Today in our online class, Shin Ji Yu successfully completed her workbook activities and participated in a brief review of vocabulary words. While she demonstrated good conversation skills, as reflected in her ratings, her overall engagement and attention during the session were moderate. This indicates that while she was able to interact and respond, there is room for improvement in maintaining focus and retention of the material, especially in a remote learning environment. It would be beneficial for Shin Ji Yu to practice speaking more during class discussions to enhance her confidence and verbal skills. For our next session, I recommend incorporating more interactive activities that require her to participate actively, as this may help improve her engagement and comprehension levels. Additionally, setting specific goals for her to practice digital navigation and study methods could further support her learning.",Online
